{"decils":{"0":"resto","1":"top25","2":"top10","3":"top1"},"mean":{"0":92.1845763128,"1":213.7484906696,"2":389.6258812827,"3":1703.5179704017},"count":{"0":36619,"1":7288,"2":4397,"3":473}}